{"0": 0.0, "1": 0.34351417422294617, "2": 0.12873129546642303, "3": 0.0, "4": 0.15418468415737152, "5": 0.0, "6": 0.0, "7": 0.09184005856513977, "8": -0.4552134573459625, "9": -0.49263471364974976, "10": -0.04849797487258911, "11": -0.3278219699859619, "12": -0.3948846161365509, "13": -0.32178980112075806, "14": 0.21452981233596802, "15": -0.31552654504776, "16": -0.25278231501579285, "17": 0.0, "18": -0.1745052933692932, "19": -0.4053252339363098, "20": -0.16297191381454468, "21": -0.2588442265987396, "22": -0.47367438673973083, "23": 0.0, "24": -0.12964937090873718, "25": -0.5099062919616699, "26": -0.456958532333374, "27": -0.05668813735246658, "28": -0.4087967872619629, "29": -0.9497894048690796, "30": -0.4166787564754486, "31": 0.2709493339061737, "32": -0.6735414266586304, "33": -0.4820322096347809, "34": -0.07212148606777191, "35": 0.1932782381772995, "36": -0.4791456162929535, "37": -0.04611273854970932, "38": -0.22820258140563965, "39": -0.0779070258140564, "40": -0.05807908624410629, "41": 0.04738514870405197, "42": -0.38742274045944214}